Job Title,Description,Field,Company Name,City,Landmark,Post Date,Last Date,Salary,Gender,Age,Experience,Qualification,Roles,Openings
Digital Marketing Executive,Search Engine Marketing Executive,Media & Entertainment, Sri global innovatiion,Chennai,Anna nagar, 22-10-2023 , 29-11-2023,"15,000 - 25,000 p.m",All,20-30,0-1 Year,Under Graduate,Dealership Sales and Value Added Services Executive,3
Graphic Desginer,Graphic Designer,Media & Entertainment, C2S ENTERPRISES,Salem,SALEM, 17-11-2023 , 29-11-2023,"10,000 - 15,000 p.m",All,18-32,Fresher,Under Graduate,Animator | Assistant Graphic Designer | Graphic Designer | Social Media & Digital Marketing Manager,5
VIDEO JOCKEY,Actor,Media & Entertainment, C2S ENTERPRISES,Salem,SALEM, 17-11-2023 , 29-11-2023,"10,000 - 15,000 p.m",All,18-25,Fresher,"Under Graduate - Bachelor of Arts , Bachelor of Management , Bachelors Others , Bachelor of Engineering / Technology , Bachelor of Computer application",Actor | Marketing and Social Media manager | Social Media & Digital Marketing Manager | Social Media Executive | Storyboard Artist,4
Bus Captain,Captain,Tourism & Hospitality, Sri global innovatiion,Chennai,koyambedu, 21-11-2023 , 29-11-2023,"15,000 - 25,000 p.m",Male,18-35,Fresher,SSLC,Transport Coordinator,30
Electrical design engineer,Electrical Design Developer,Electronics & Hardware, SRG POWER CONTROL SYSTEM,Coimbatore,641107, 25-07-2023 , 30-11-2023,"10,000 - 15,000 p.m",All,18-35,Fresher,"Under Graduate - Bachelor of Engineering / Technology - ELECTRICAL AND ELECTRONIC ENGINEERING , ELECTRONIC AND COMMUNICATION ENGINEERING , ELECTRONICS AND INSTRUMENTATION ENGINEERING , ELECTRONICS AND TELECOMMUNICATION",Electrical Design Developer,5
BILLING EXECUTIVES,Billing Executive,Retail, SI Automobiles,Coimbatore,ukkadam, 31-08-2023 , 30-11-2023,"10,000 - 15,000 p.m",Male,23-50,1-2 Years,Diploma,Accounts Executive | Billing Executive,2
Sewing Machine Operator - பெண்களுக்கான வேலைவாய்ப்பு,Specialized Sewing Machine Operator,"Apparel, Made-Ups & Home Furnishing", Talentpro India HR Private Limited,Chengalpattu,Singaperumal Koil, 06-09-2023 , 30-11-2023,"10,000 - 15,000 p.m",Female,19-24,Fresher,HSC,Sewing Machine Operator,80
Project Manager/Project In-charge/ Project Engineer/ Executive,Executive Engineer,Construction, ANNAI INFRA DEVELOPERS LIMITED,Ramanathapuram,Sayalkudi, 11-09-2023 , 30-11-2023,"50,000 - 1 Lakh p.m",Male,22-50,Above 10 Years,"Diploma - Diploma In Engineering - CIVIL ENGINEERING , CIVIL ENGINEERING (ARCHITECTURE)",Construction Laboratory & Field Technician | Construction Technician (Civil)- Wind Power Plant,3
Graphic Desginer,Software Developer,IT-ITES, Darus infotech india pvt ltd,Chennai,ANNA SALAI, 12-09-2023 , 30-11-2023,"15,000 - 25,000 p.m",All,18-29,0-1 Year,SSLC,Editor | Graphic Designer,5
Graphic Designer & DTP Operator,Associate - Desktop Publishing (DTP),IT-ITES, Darus infotech india pvt ltd,Chennai,Anna Salai, 12-09-2023 , 30-11-2023,"15,000 - 25,000 p.m",Male,18-35,0-1 Year,SSLC,Director of Photography | Editor | Graphic Designer,5
Business Development & Marketing Executive,Sales Executive,Manufacturing, PUPA GROUPS,Ramanathapuram,RAMANATHAPURAM, 17-10-2023 , 30-11-2023,"15,000 - 25,000 p.m",Male,20-40,1-2 Years,Under Graduate,Area Sales Officer | Collections Executive,1
Business Development & Marketing Executive,Sales Executive,Manufacturing, PUPA GROUPS,Theni,FULL THENI DISTRICT, 17-10-2023 , 30-11-2023,"15,000 - 25,000 p.m",Male,20-40,0-1 Year,Under Graduate,Area Sales Officer | Collections Executive,1
CNC Turning Machine operator,Machine Operator,Manufacturing, ROBUSTECH ENGINEERING,Coimbatore,Gender : Male, 18-10-2023 , 30-11-2023,"10,000 - 15,000 p.m", , , ,Diploma - Diploma In Engineering - MECHANICAL ENGINEERING,CNC Operator - Turning | CNC Setter cum operator - Turning | Machine Operator – CNC Lathe, 
Shift Supervisor,Service Supervisor,Automotive, A2Z ENGINEERING,Erode,Perundhurai, 18-10-2023 , 30-11-2023,"10,000 - 15,000 p.m",Male,18-30,Fresher,Diploma - Diploma In Engineering - MECHANICAL ENGINEERING,Machine Operator – CNC Milling | Machine Operator & Programmer – CNC Milling | Mechanical Assembly Operator,10
EDM WIRECUT Operator,Machine Operator,Manufacturing, SAMY ENGINEERING TOOLS,Chennai,ALANDUR, 18-10-2023 , 30-11-2023,"10,000 - 15,000 p.m",Male,20-26,0-1 Year,Under Graduate - Bachelor of Engineering / Technology - MECHANICAL ENGINGEERING,Machine Operator,2
Marketing & Sales Executive,Sales Executive,Manufacturing, SAMY ENGINEERING TOOLS,Chennai,THIRUMUDIVAKKAM, 18-10-2023 , 30-11-2023,"15,000 - 25,000 p.m",Male,25-35,2-3 Years,Post Graduate - Master of Management - MARKETING MANAGEMENT,Sales Executive,2
Maintenance Technician,Maintenance Technician,Manufacturing, Doiter Castings,Coimbatore,641022, 19-10-2023 , 30-11-2023,"15,000 - 25,000 p.m",Male,19-25,0-1 Year,Diploma - Diploma In Engineering - ELECTRICAL AND ELECTRONICS ENGINEERING,Electrical Technician | Machine Maintenance Technician | Maintenance Assistant | Maintenance Technician | Technical Helper (Mechanical),2
Assembler,Mobile Phone Hardware Repair Technician,Electronics & Hardware, Sri global innovatiion,Kancheepuram,Sunguvachatram, 19-10-2023 , 30-11-2023,"10,000 - 15,000 p.m",Female,18-30,Fresher,Below SSLC,Assembly Line Operator,100
OFFICE BOY,Worker,Retail, VENTURA SECURITIES LTD,Chennai,T nagar, 19-10-2023 , 30-11-2023,"10,000 - 15,000 p.m",Male,19-30,0-1 Year,SSLC,Office Assistant,1
Office Staff Wanted,Office Assistant,Management and Entrepreneurship & Professional, Star group of company,Kallakurichi,kallakurichi, 20-10-2023 , 30-11-2023,"10,000 - 15,000 p.m",All,18-30,Fresher,SSLC,Business Development Executive,22
"VMC Incharge,vmc setter,",Machine Operator,Manufacturing, Reallink Engineering India Private Limited,Coimbatore,singanallur, 21-10-2023 , 30-11-2023,"25,000 - 50,000 p.m",Male,20-45,5-10 Years,Diploma - Diploma In Engineering - MECHANICAL ENGINEERING,Production Assistant,50
SITE ENGINEER,Civil Engineer,Construction, Sri global innovatiion,Chennai,Anna nagar, 22-10-2023 , 30-11-2023,"10,000 - 15,000 p.m",All,22-30,0-1 Year,Under Graduate - Bachelor of Engineering / Technology - CIVIL ENGINEERING,Area Technical Lead,5
Tele Caller,Customer Care Executive (Call Centre),Telecom, Sri global innovatiion,Chennai,Anna nagar, 22-10-2023 , 30-11-2023,"10,000 - 15,000 p.m",All,18-30,0-1 Year,"Diploma - , Diploma Others - , OTHERS",Telecom Technician - IoT Device/System (Installation & M2M Communication Setup),6
Sales/Marketing Executing,Sales Associate,Retail, Sri global innovatiion,Chennai,Anna nagar, 22-10-2023 , 30-11-2023,"15,000 - 25,000 p.m",All,20-30,0-1 Year,Under Graduate,Area Sales Officer | Marketing Manager-LOB,5
ACCOUNT EXECUTIVE,Accounts Executive,"Banking, Financial Services and Insurance", Sri global innovatiion,Chennai,Anna nagar, 22-10-2023 , 30-11-2023,"15,000 - 25,000 p.m",All,22-35,1-2 Years,"Under Graduate - Bachelor of Commerce - ACCOUNTANCY&AUDITING , COMMERCE",Accounts Executive,2
Insurance regulatory development authority of India (AAP),Insurance Agent,"Banking, Financial Services and Insurance", TEAM LEASE SERVICES PVT LIMITED,Chennai,Pan india, 23-10-2023 , 30-11-2023,"10,000 - 15,000 p.m",All,20-60,0-1 Year,SSLC,Area Sales Officer | Associate - Recruitment | Life Insurance Agent | Regional Retail Finance & Insurance Manager | Sales officer (Auto Insurance) | Travel Insurance Executive,76
Shift Incharge,Supervisor,Food Processing, Sahayamatha Salt Refinery Pvt Ltd,Thoothukudi,Veppalodai, 24-10-2023 , 30-11-2023,7500-10000 p.m,Male,19-35,Fresher,Under Graduate,Production Supervisor/ In charge - Life Sciences,10
Electrician,Mixing Technician,Food Processing, Sahayamatha Salt Refinery Pvt Ltd,Thoothukudi,Veppalodai, 24-10-2023 , 30-11-2023,7500-10000 p.m,Male,19-35,Fresher,National Trade Certificate (NTC) - Electrician,Electrical Technician,10
Officer - Quality Control,Quality Assurance Manager,Food Processing, Sahayamatha Salt Refinery Pvt Ltd,Thoothukudi,Veppalodai, 24-10-2023 , 30-11-2023,"15,000 - 25,000 p.m",Male,25-35,5-10 Years,Under Graduate - Bachelor of Science - CHEMISTRY,Quality Assurance Manager,1
Lab Chemist - Female,Assistant Lab Technician - Food and Agricultural Commodities,Food Processing, Sahayamatha Salt Refinery Pvt Ltd,Thoothukudi,Veppalodai, 24-10-2023 , 30-11-2023,7500-10000 p.m,Female,19-30,Fresher,Under Graduate - Bachelor of Science - CHEMISTRY,Laboratory Assistant / Chemist,1
CNC Machine operators,Machine Operator,Automotive, A2Z ENGINEERING,Erode,Perundhurai, 25-10-2023 , 30-11-2023,"10,000 - 15,000 p.m",Male,18-38,0-1 Year,SSLC,Abrasion machine operator,10
SERVICE ENGINEER,Trainee,Manufacturing, PUGOS TECHNOLOGIES,Coimbatore,Kenathukadavu, 25-10-2023 , 30-11-2023,"15,000 - 25,000 p.m",Male,16-22,Fresher,"Diploma - Diploma In Engineering - ELECTRICAL AND ELECTRONICS ENGINEERING , ELECTRONICS AND COMMUNICATION ENGINEERING , MECHANICAL ENGINEERING",Installation and Service Engineer,10
PRODUCTION ENGINEER,Trainee,Manufacturing, PUGOS TECHNOLOGIES,Coimbatore,Kenathukadavu, 25-10-2023 , 30-11-2023,"10,000 - 15,000 p.m",Male,16-22,Fresher,"Diploma - Diploma In Engineering - ELECTRICAL AND ELECTRONICS ENGINEERING , ELECTRONICS AND COMMUNICATION ENGINEERING , MECHANICAL ENGINEERING",Production Engineer,10
Sales Executive,Sales/Pre-Sales Executive,IT-ITES, ALASS INFOTECH SOLUTION,Thiruchirappalli,Trichy, 27-10-2023 , 30-11-2023,"10,000 - 15,000 p.m",Female,18-27,Fresher,"Under Graduate - Bachelor of Arts , Bachelor of Commerce , Bachelor of Management , Bachelor of Science , Bachelors Others , Bachelor of Engineering / Technology , Bachelor of Computer application , Bachelor of Vocational courses - BUSINESS ECONOMICS , BUSINESS MANAGEMENT , BUSS.ADMN./BUSS.MGNT , COMMERCE , COMMERCE WITH COMPUTER APPLICATION , FINANCIAL MANAGEMENT , MARKETING MANAGEMENT",Analyst - Research | Communication Analyst | Sales Associate,20
CNC & VMC OPERATOR / SETTER,Machine Operator,Automotive, MERCURY FITTINGS PVT LTD,Chennai,AMBATTUR/THIRUVALLUR, 27-10-2023 , 30-11-2023,"10,000 - 15,000 p.m",Male,22-28,2-3 Years,"Under Graduate - Bachelor of Engineering / Technology - AUTOMOBILE ENGINEERING , MECHANICAL ENGINGEERING",CNC Operator-Turning | CNC Setter cum operator - Vertical Machining Centre,10
Civil Engineering,Draughtsman,Construction, Besten Engineers and Consultants Ind Pvt Ltd,Chennai,choolaimedu, 28-10-2023 , 30-11-2023,"10,000 - 15,000 p.m",All,20-21,0-1 Year,Diploma - Diploma In Engineering - CIVIL ENGINEERING,Draftsman,30
Welders Tig & Mig - Kancheepuram,Welder,Manufacturing, Balu Auto Components pvt tld,Kancheepuram,uthukadu, 30-10-2023 , 30-11-2023,"10,000 - 15,000 p.m",Male,19-25,0-1 Year,National Trade Certificate (NTC),Welding Operator,2
Plater,Trainee,Manufacturing, Balu Auto Components pvt tld,Kancheepuram,Uthukadu, 30-10-2023 , 30-11-2023,"10,000 - 15,000 p.m",Male,19-25,0-1 Year,SSLC,Electroplating Operator,6
OPERATOR TRAINEE,Assistant Construction Fitter,Construction, PK UNIQUE PROJECTS PVT LTD,Chennai,AVADI, 30-10-2023 , 30-11-2023,"15,000 - 25,000 p.m",All, ,0-1 Year,"National Trade Certificate (NTC) - Draughtsman (Civil) , Draughtsman (Mechanical) , Electrician , Electronics Mechanic , Marine Fitter , Mechanic (Motor Vehicle)",AI - Machine Learning Engineer | Assembly Machine Operator | Assistant Electrician | Compactor Operator | Draughtsman | Drilling Operator,10
Program Manager,Content Writer,IT-ITES, Scifax Information And Analytics Private Limited,Kallakurichi,Ulundurpet, 30-10-2023 , 30-11-2023,"10,000 - 15,000 p.m",All,20-30,0-1 Year,"Under Graduate - Bachelor of Management , Bachelor of Science , Bachelor of Engineering / Technology , Bachelor of Computer application - COMPUTER PROGRAMMING , COMPUTER SCIENCE AND ENGINEERING",Computer Designer,100
TEAM LEADER -Retention,Associate - CRM,IT-ITES, Target Soft Systems,Chennai,chennai, 31-10-2023 , 30-11-2023,"15,000 - 25,000 p.m",All,18-30,2-3 Years,Under Graduate - Bachelor of Education,Customer Care Executive | Telecaller,20
Maraketing excutive,Technical Support Engineer,IT-ITES, Kumarancomputers,Tirunelveli,Tirunelveli, 01-11-2023 , 30-11-2023,"10,000 - 15,000 p.m",Male,18-30,0-1 Year,Diploma - Diploma Others - EDUCATION,Search Engine Marketing Executive,2
Photoshop Designer,User Experience Designer,IT-ITES, Exposure India,Thanjavur,Thanjavur, 01-11-2023 , 30-11-2023,"10,000 - 15,000 p.m",All, ,Fresher,Under Graduate,Assistant Graphic Designer | Graphic Designer,2
Tele Caller,Installer – Frameless Glass Doors/Windows (Option: Framed Doors/ Windows),Furniture & Fittings, SERVCEBUDDY TECHODS PRIVATE LIMITED,Erode,veerappampalayam, 01-11-2023 , 30-11-2023,"10,000 - 15,000 p.m",Male,21-35,Fresher,"Under Graduate - , Bachelor of Engineering / Technology",Customer Relationship Executive,15
FIELD SALES EXECUTIVE,Associate - CRM,IT-ITES, SERVCEBUDDY TECHODS PRIVATE LIMITED,Erode,veerappampalayam, 01-11-2023 , 30-11-2023,"10,000 - 15,000 p.m",Male,19-25,Fresher,Under Graduate,Executive Housekeeper,15
Electrical Tecknision,Maintenance Technician,Manufacturing, RANBA CASTINGS LIMITED,Coimbatore,Muthugounden Pudhur, 01-11-2023 , 30-11-2023,"15,000 - 25,000 p.m",Male,18-40,4-5 Years,National Trade Certificate (NTC) - Electrician,Electrical Technician | Fitter – Electrical and Electronic Assembly | Helper Electrician | Industrial Electrician | Maintenance Technician Electrical L4,6
Foundry Tecknision,Maintenance Technician,Manufacturing, RANBA CASTINGS LIMITED,Coimbatore,Muthu gounden Pudhur, 01-11-2023 , 30-11-2023,"15,000 - 25,000 p.m",Male,18-43,4-5 Years,Diploma - Diploma In Engineering - BASIC ENGINEERING,Machine Maintenance Technician | Maintenance of Machinery - Technician | Maintenance Technician,5
Graphic Designer,User Experience Designer,IT-ITES, Inaithiram Impex Internet Private Limited,Sivagangai,Karaikudi, 02-11-2023 , 30-11-2023,"10,000 - 15,000 p.m",All,21-28,1-2 Years,HSC,Graphic Designer,1
TECHNICAL ENGINEER,Technician,Automotive, 5KNETWORK,Coimbatore,PEELAMEDU, 02-11-2023 , 30-11-2023,"10,000 - 15,000 p.m",Male,16-25,Fresher,Below SSLC,Automotive Service Technician Level 3 | Automotive Service Technician Level 4 | Automotive Service Technician Level 5 | Automotive Service Technician Level 6,100
Wanted CCTV Technician Male 9842112381,Cabling Technician,"Instrumentation, Automation, Surveillance and Communication", JAS INFOTECH,Madurai,Simmmakkal, 02-11-2023 , 30-11-2023,"10,000 - 15,000 p.m",Male,18-45,0-1 Year,Below SSLC,CCTV Installation Technician | Electrical Technician | Hardware Engineer,2
Assistant Branch Head,Area Manager (Auto Components),Automotive, 5KNETWORK,Coimbatore,Gender : Male, 02-11-2023 , 30-11-2023,"15,000 - 25,000 p.m", , , ,Under Graduate - Bachelor of Arts,Sales Manager, 
DRAUGHTSMAN CIVIL,Draughtsman,Construction, PK UNIQUE PROJECTS PVT LTD,Chennai,AVADI, 03-11-2023 , 30-11-2023,"15,000 - 25,000 p.m",All,18-50,0-1 Year,"Diploma - , Diploma In Engineering - 3D ANIMATION AND GRAPHICS , ARCHITECTURAL ASSISTANTSHIP , CIVIL ENGINEERING , CIVIL ENGINEERING (ARCHITECTURE)",Draftsman,2
Civil Engineer,Civil Engineer,Construction, PK UNIQUE PROJECTS PVT LTD,Chennai,CHENNAI, 03-11-2023 , 30-11-2023,"25,000 - 50,000 p.m",All,21-50,0-1 Year,"Under Graduate - Bachelor of Engineering / Technology - CIVIL ENGINEERING , ELECTRICAL AND ELECTRONIC ENGINEERING , MECHANICAL ENGINGEERING",Construction Technician (Civil)- Wind Power Plant,5
TRAINING,Machine Operator,Manufacturing, BALU ENTERPRISES,Chennai,Velpavanchavadi, 03-11-2023 , 30-11-2023,"15,000 - 25,000 p.m",Male,18-23,Fresher,"Under Graduate - Bachelor of Engineering / Technology - AUTOMOBILE ENGINEERING , ELECTRICAL AND ELECTRONIC ENGINEERING , ELECTRONIC AND COMMUNICATION ENGINEERING",Industrial Automation Technician | Machine Operator | Machine Operator – CNC Lathe,100
Facility Executive,Facility Management Executive,Tourism & Hospitality, Fill Up Management Services,Chennai,POONAMALLEE, 06-11-2023 , 30-11-2023,"15,000 - 25,000 p.m",All,28-40,2-3 Years,Diploma - Diploma Others - EDUCATION,Housekeeping Attendant (Manual Cleaning),2
SUPERVISIOR,Housekeeping Supervisor,Tourism & Hospitality, Fill Up Management Services,Chennai,POONAMALLEE, 06-11-2023 , 30-11-2023,"10,000 - 15,000 p.m",All,25-35,2-3 Years,Diploma - Diploma Others - EDUCATION,Housekeeping Supervisor,5
MAINTENANCE MANAGER,Maintenance Technician,Manufacturing, ISPT INDIA PRIVATE LIMITED,Coimbatore,Neelambur, 07-11-2023 , 30-11-2023,"25,000 - 50,000 p.m",Male,25-40,5-10 Years,Diploma - Diploma Others - OTHERS,Machine Maintenance Technician | Maintenance Executive | Maintenance of Machinery - Technician | Manager Maintenance Mechanical & Electrical,1
Splicer,Optical Fiber Splicer,Telecom, HCIN Networks Pvt Ltd,Chennai,chennai, 08-11-2023 , 30-11-2023,"25,000 - 50,000 p.m",Male,30-35,2-3 Years,SSLC,Optical Fiber Splicer | Optical Fiber Technician,25
Assistant/ Helpers,Field Maintenance Engineer,Telecom, HCIN Networks Pvt Ltd,Chennai,chennai, 08-11-2023 , 30-11-2023,"15,000 - 25,000 p.m",Male,35-40,0-1 Year,SSLC,Technical Helper - Electrical,100
Back office Staff,Business Development Executive,"Banking, Financial Services and Insurance", Axis Bank Limited,Madurai,Gender : All, 08-11-2023 , 30-11-2023,"25,000 - 50,000 p.m", , , ,Below SSLC,Accounts Executive | Banksman, 
Packing Operator,Dairy Processing Equipment Operator,Food Processing, HATSUN AGRO PRODUCT LTD,Tiruppur,"Uthiyur, Dharapuram", 08-11-2023 , 30-11-2023,"10,000 - 15,000 p.m",Male,18-30,0-1 Year,Diploma - Diploma In Engineering,Packing Machine Worker – Food Processing,5
CNC / VMC OPERATOR,Machine Operator,Manufacturing, ISPT INDIA PRIVATE LIMITED,Coimbatore,Neelambur, 09-11-2023 , 30-11-2023,"10,000 - 15,000 p.m",Male,21-30,0-1 Year,Diploma - Diploma In Engineering - MECHANICAL ENGINEERING,CNC Operator-Turning | CNC Setter cum operator - Turning | CNC Setter cum operator - Vertical Machining Centre,10
ITI Trainee,Electrical Technician,Electronics & Hardware, JOHNSON LIFTS PVT LTD,Madurai,Gender : Male, 09-11-2023 , 30-11-2023,"10,000 - 15,000 p.m", , , ,"National Trade Certificate (NTC) - Electrician , Fitter , Lift and Escalator Mechanic , Machinist , Mechanic (Motor Vehicle) , Turner",Electrical Technician | Fitter, 
CUSTOMER CARE EXECUTIVE,Customer Care Executive (Call Centre),Telecom, GOWELMART,Chennai,"No,295,Royapettah high Road,Royapettah,Chennai-14", 09-11-2023 , 30-11-2023,"10,000 - 15,000 p.m",Female,18-25,1-2 Years,Under Graduate,Customer Care Executive (Call Centre) | Customer Care Executive (Relationship Centre) | Customer Relationship Executive,1
Marketing Executive (Male),Auto CAD Designer,Manufacturing, JEYA INDUSTRIES AND ENGINEERINGS PVT LTD,Thoothukudi,"Tuticorin, Andhra, Kolkata", 10-11-2023 , 30-11-2023,"25,000 - 50,000 p.m",Male,24-58,2-3 Years,"Under Graduate - Bachelor of Management , Bachelor of Engineering / Technology - BUSS.ADMN./BUSS.MGMT , MARKETING/BANK MANAGEMENT",Digital Marketing Manager | Market Research Associate | Marketing Manager-LOB,3
Lead R&D Design,Auto CAD Designer,Manufacturing, JEYA INDUSTRIES AND ENGINEERINGS PVT LTD,Thoothukudi,Tuticorin, 10-11-2023 , 30-11-2023,"25,000 - 50,000 p.m",Male,22-45,2-3 Years,"Under Graduate - Bachelor of Engineering / Technology - AUTOMOBILE ENGINEERING , MECHANICAL ENGINGEERING , MECHATRONICS ENGG.",Aerospace Design Assistant - Mechanical | Design Engineer | Design Marker / Supervisor | Product Design Engineer,1
DESIGN ENGINEER,Auto CAD Designer,Manufacturing, JEYA INDUSTRIES AND ENGINEERINGS PVT LTD,Thoothukudi,thoothukudi, 10-11-2023 , 30-11-2023,"15,000 - 25,000 p.m",Male,20-30,1-2 Years,"Under Graduate - Bachelor of Engineering / Technology - MECHANICAL ENGINGEERING , MECHATRONICS ENGG.",CAD CAM Operator- Goods | Designer - mechanical | Design-for-Manufacture Engineer,6
FIELD SALES EXECUTIVE,Sales Representative,Manufacturing, FABSMITH INDIA PVT LTD,Chennai,MANALI, 11-11-2023 , 30-11-2023,"15,000 - 25,000 p.m",Male,25-40,5-10 Years,Diploma - Diploma In Engineering - MECHANICAL ENGINEERING,Sales Executive,4
Helper (or) Apprentice,Electrical Technician,Electronics & Hardware, SHREE MAHALAKSHMI ELECTRICAL SERVICES,Chennai,TIRUVOTTRIYUR, 13-11-2023 , 30-11-2023,"10,000 - 15,000 p.m",Male,18-60,Fresher,Below SSLC,Electrical Technician | Electrical Winder | Electrician Domestic Solutions | Engineer Trainee,3
OPERATOR TRAINEE,Trainee,Automotive, IM GEARS PVT LTD,Chengalpattu,Maduranthagam, 15-11-2023 , 30-11-2023,"10,000 - 15,000 p.m",Male,18-25,0-1 Year,Diploma - Diploma In Engineering - MECHANICAL ENGINEERING,CNC Operator - Grinding Machine Centre | CNC Operator - Turning | CNC Operator - Vertical Machining Centre,40
HR MANAGER,Associate - Recruitment,IT-ITES, Target Soft Systems,Chennai,T.Nagar, 15-11-2023 , 30-11-2023,"25,000 - 50,000 p.m",All,25-35,3-4 Years,"Post Graduate - Master of Management - BUSS.ADMN./BUSS.MGNT , MANAGEMENT",Accounts Executive (Payroll) | Recruitment Executive – HR,1
Machine Oparator,Machine Operator,Manufacturing, Sundaram Brake Linings Limited,Chennai,PADI, 16-11-2023 , 30-11-2023,"10,000 - 15,000 p.m",Male,18-28,Fresher,National Trade Certificate (NTC),Machine Operator | Machine Operator – CNC Lathe | Machine Operator – CNC Milling,50
Machine Opatrator,Machine Operator,Manufacturing, Sundaram Brake Linings Limited,Chennai,Padi, 16-11-2023 , 30-11-2023,"15,000 - 25,000 p.m",Male,18-28,0-1 Year,"Diploma - Diploma In Engineering , Diploma Others - OTHERS",Machine Operator | Machine Operator – CNC Lathe | Machine Operator – CNC Milling | Machine Operator – Injection Moulding,50
MARKETING & SALES EXECUTIVE,Sales Officer (Auto Components),Automotive, SRI LAKSHMI TRADERS,Chennai,zamin Pallavaram, 16-11-2023 , 30-11-2023,"15,000 - 25,000 p.m",All, ,0-1 Year,National Trade Certificate (NTC) - Mechanic (Motor Vehicle),Maintenance Technician,2
BILLING AND CASHIER,Cashier,Automotive, SRI LAKSHMI TRADERS,Chennai,Zamin Pallavaram, 16-11-2023 , 30-11-2023,"10,000 - 15,000 p.m",All, ,0-1 Year,Diploma - Diploma In Engineering - AUTOMOBILE ENGINEERING,Accounts Executive (Accounts Payable & Receivable),2
Sales & Marketing,Field Sales Executive,Telecom, Bharti Airtel Ltd,Madurai,Madurai, 16-11-2023 , 30-11-2023,"15,000 - 25,000 p.m",Male,18-35,1-2 Years,SSLC,Sales Executive (Broadband),50
Sales Marketing Executive,Sales Executive,Manufacturing, TITANO ELECTRONICS PRIVATE LIMITED,Krishnagiri,Krishnagiri, 17-11-2023 , 30-11-2023,"10,000 - 15,000 p.m",Male,22-26,0-1 Year,SSLC,Sales Executive,1
Captain,Captain,Tourism & Hospitality, Aasife Biriyani,Madurai,Thanakankulam, 17-11-2023 , 30-11-2023,"10,000 - 15,000 p.m",All,20-45,Fresher,SSLC,Captain,5
SITE SUPERVISOR,Maintenance Technician,Electronics & Hardware, Indway Prime Energy Private Limited,Erode,Gettiseviyur, 17-11-2023 , 30-11-2023,"10,000 - 15,000 p.m",Male,18-35,Fresher,Diploma,Maintenance Technician | Supervisor Erection,5
Sales Executive,Sales Representative,Automotive, SRI JAYAM AUTO AGENCY,Salem,salem, 17-11-2023 , 30-11-2023,"15,000 - 25,000 p.m",Male,20-35,0-1 Year,Diploma - Diploma Others - EDUCATION,Sales Associate | Sales Executive-Dealership | Sales Representative | Sales/Pre-Sales Executive,2
OFFICE ADMIN,Auto CAD Designer,Manufacturing, Indway Prime Energy Private Limited,Coimbatore,Sitra, 17-11-2023 , 30-11-2023,"10,000 - 15,000 p.m",Female,21-35,0-1 Year,Under Graduate,Computer Designer,1
Waiter(steward),Industrial Production Worker – Food Processing,Food Processing, APOLLO SINDOORI HOTELS LIMITED,Chennai,Greams Road, 17-11-2023 , 30-11-2023,"10,000 - 15,000 p.m",Male,20-25,0-1 Year,Diploma - Diploma Others - EDUCATION,Food & Beverage Service - Steward,30
BILLING,Billing Executive,Retail, SHANMUGA ELECTRICALS,Namakkal,RASIPURAM, 17-11-2023 , 30-11-2023,"10,000 - 15,000 p.m",Male,18-28,0-1 Year,Diploma,Billing Executive,1
ADMIN & HR,ADMIN HR,Management and Entrepreneurship & Professional, Canyon Workspace,Chennai,thoraipakkam, 17-11-2023 , 30-11-2023,"15,000 - 25,000 p.m",All,25-50,2-3 Years,Under Graduate,Multifunctional Administration Executive,1
HOUSE KEEPING SUPERVISOR,Supervisor,Management and Entrepreneurship & Professional, Canyon Workspace,Chennai,thoraipakkam, 17-11-2023 , 30-11-2023,"15,000 - 25,000 p.m",All,30-50,3-4 Years,Under Graduate,Housekeeping Supervisor,1
Cook,WORKER,Management and Entrepreneurship & Professional, Canyon Workspace,Chennai,thoraipakkam, 17-11-2023 , 30-11-2023,"10,000 - 15,000 p.m",All,25-50,2-3 Years,Below SSLC,Executive Chef | Trainee Chef,2
SECURITY GUARD,Security Officer,Management and Entrepreneurship & Professional, Canyon Workspace,Chennai,thoraipakkam, 17-11-2023 , 30-11-2023,"10,000 - 15,000 p.m",Male,25-50,2-3 Years,SSLC,Security Officer,1
ACCOUNT EXECUTIVE,ACCOUNTANT,Management and Entrepreneurship & Professional, Canyon Workspace,Chennai,thoraipakkam, 17-11-2023 , 30-11-2023,"15,000 - 25,000 p.m",All,25-50,2-3 Years,Under Graduate,Accounts Executive,1
Front office Executive,Receptionist,Management and Entrepreneurship & Professional, Canyon Workspace,Chennai,thoraipakkam, 17-11-2023 , 30-11-2023,"10,000 - 15,000 p.m",Female,20-30,1-2 Years,Under Graduate,Front Office Executive,1
PCB Soldering,Assembly Line Operator,Electronics & Hardware, THINKSEMI INFOTECH PRIVATE LIMITED,Chennai,"Sipcot,Siruseri", 18-11-2023 , 30-11-2023,"10,000 - 15,000 p.m",All,19-28,1-2 Years,HSC,Hand Soldering Technician Telecom Board | Wave Soldering Machine Operator,10
CNC & VMC OPERATOR / SETTER,Machine Operator,Manufacturing, NEWTECH PRECISION PRODUCTS PRIVATE LIMITED,Chennai,Thirumudivakkam, 18-11-2023 , 30-11-2023,"15,000 - 25,000 p.m",Male,20-30,Fresher,Diploma - Diploma Others - EDUCATION,Machine Operator- Tool Room,50
SMT ENGINEER,PCB Assembly Operator,Electronics & Hardware, THINKSEMI INFOTECH PRIVATE LIMITED,Chennai,"Sipcot,Siruseri", 18-11-2023 , 30-11-2023,"10,000 - 15,000 p.m",Male,18-28,0-1 Year,"Diploma - Diploma In Engineering - ELECTRICAL AND ELECTRONICS ENGINEERING , ELECTRONICS AND COMMUNICATION ENGINEERING , ELECTRONICS TECHNOLOGY",Component Preparation Operator,5
Quality Engineer,Quality Engineer,Electronics & Hardware, THINKSEMI INFOTECH PRIVATE LIMITED,Chennai,"Sipcot,Siruseri", 18-11-2023 , 30-11-2023,"10,000 - 15,000 p.m",All,19-25,0-1 Year,"Under Graduate - Bachelor of Engineering / Technology - ELECTRICAL AND ELECTRONIC ENGINEERING , ELECTRONIC AND COMMUNICATION ENGINEERING",Quality Control Inspector-Visual Inspection | Quality Engineer,4
Product Assistant Engineer,Product Engineer,Electronics & Hardware, THINKSEMI INFOTECH PRIVATE LIMITED,Chennai,"Sipcot,Siruseri", 18-11-2023 , 30-11-2023,"10,000 - 15,000 p.m",All,19-25,Fresher,"Under Graduate - Bachelor of Engineering / Technology - ELECTRICAL AND ELECTRONIC ENGINEERING , ELECTRONIC AND COMMUNICATION ENGINEERING",Supply Chain Field Assistant,1
OPERATOR,Machine Operator,Manufacturing, APTIVE INTEGRATED ENVIRON SYSTEMS,Kancheepuram,sriperumbudur, 18-11-2023 , 30-11-2023,"15,000 - 25,000 p.m",Male,20-40,0-1 Year,National Trade Certificate (NTC),Wastewater Treatment Plant Technician,1
Branch Executive,Hospital Front Desk Coordinator,Healthcare, Darshan Heritage Living Pvt Ltd,Karur,Karur, 18-11-2023 , 30-11-2023,"10,000 - 15,000 p.m",Female,22-40,2-3 Years,"Under Graduate - Bachelor of Arts , Bachelor of Commerce , Bachelor of Management , Bachelor of Science , Bachelor of Tourism/Hotel Management , Bachelor of Medicine , Bachelor of Computer application , Bachelor of Vocational courses - MEDICINE ALTERNATIVE , MEDICINE AYURVEDIC (BAMS)",Hospital Front Desk Coordinator,1
SALES & MARKETING EXECUTIVE - Chennai,Plumbing Products Sales Assistant,Plumbing, WASCA AQUA SYSTEMS,Chennai,Tambaram, 19-11-2023 , 30-11-2023,"10,000 - 15,000 p.m",Male,21-25,Fresher,HSC,Sales Representative | Service Engineer,5
Renewable Energy Technician,Electric Vehicle (EV) Charging Station Technician,Power, Yansun Natural Energy Pvt Ltd,Chennai,Chennai, 20-11-2023 , 30-11-2023,"15,000 - 25,000 p.m",Male,21-25,0-1 Year,National Trade Certificate (NTC) - Electrician,Electrical Design Developer | Electrical Technician | Electrician Domestic Solutions,12
Mechanical Engineer,Trainee,Automotive, Electro Kleen Systems LLP,Chennai,"Ambattur, Chennai", 21-11-2023 , 30-11-2023,"10,000 - 15,000 p.m",Male,18-25,Fresher,Diploma - Diploma In Engineering - MECHANICAL ENGINEERING,Junior Mechanic (Engine) | Technical Helper (Mechanical) | Technical Helper Mechanical- Thermal Power Generation,10
Sales Officer,Loan Processing Officer,"Banking, Financial Services and Insurance", Teamred Management Solution Pvt Ltd,Erode,Mettur, 21-11-2023 , 30-11-2023,"15,000 - 25,000 p.m",All,20-35,0-1 Year,Under Graduate,Sales Officer (Auto Components),5
Supporting Engineer,Software Developer,IT-ITES, WHITESTONE SOFTWARE SOLUTIONS PRIVATE LIMITED,Dharmapuri,Any where in India, 21-11-2023 , 30-11-2023,"10,000 - 15,000 p.m",Male,21-26,0-1 Year,"Under Graduate - Bachelor of Science , Bachelor of Engineering / Technology , Bachelor of Computer application - INFORMATION TECHNOLOGY , COMPUTER SCIENCE AND ENGINEERING",Software Developer | Software Engineer,10
Sales Officer/Business development Officer,Business Development Executive,"Banking, Financial Services and Insurance", Teamred Management Solution Pvt Ltd,Karur,"Vengamedu,mahathanapuram,chinnathalavadi,karur main,karur west,Gandhigramam,jegadabi,kathaparai,kulithalai,kurumbapatti,m puthur,mahathanapuram ,porhuratham patti,Rajendram", 21-11-2023 , 30-11-2023,"15,000 - 25,000 p.m",All,20-35,0-1 Year,Under Graduate,Area Sales Officer,30
Telecalling executive,Telecaller,IT-ITES, Miraturus Ventures Private Limited,Coimbatore,RS Puram, 21-11-2023 , 30-11-2023,"10,000 - 15,000 p.m",Female,21-26,0-1 Year,Under Graduate,Customer Relationship Executive,3
Admin Executive,System Administrator,IT-ITES, Miraturus Ventures Private Limited,Coimbatore,RS Puram, 21-11-2023 , 30-11-2023,"15,000 - 25,000 p.m",All,25-35,2-3 Years,Under Graduate,Multifunctional Administration Executive,2
Polisher,Pre-cleaning technician – Shipbreaking,Manufacturing, Haridheepsai Kitchen Innovations Pvt Ltd,Chennai,Thirumullaivoyil, 21-11-2023 , 30-11-2023,"10,000 - 15,000 p.m",Male,18-25,2-3 Years,Below SSLC,Product Checker / Quality checker,1
FITTER (Steel Fabrication ),Fitter,Manufacturing, Haridheepsai Kitchen Innovations Pvt Ltd,Chennai,Thirumullaivoyil, 21-11-2023 , 30-11-2023,"15,000 - 25,000 p.m",Male,18-25,2-3 Years,Below SSLC,Buffing Operator,1
STAFF NURSE,STAFF NURSE,Healthcare, Dr Madhavan Heart Centre,Madurai,Pandikovil Ring Road, 21-11-2023 , 30-11-2023,"10,000 - 15,000 p.m",All,23-45,Fresher,Under Graduate - Bachelor of Science - NURSING,Patient Care Assistant (Options: Critical Care/Maternal & Newborn Care/ Dialysis/ Parturition),5
OFFICE STAFF,Supervisor,Textiles & Handlooms, EVERRICH WEARS,Tiruppur,Karuvampalayam, 22-11-2023 , 30-11-2023,"15,000 - 25,000 p.m",All,26-40,0-1 Year,Diploma - Diploma In Engineering - TEXTILE TECHNOLOGY,Office Assistant,1
Customer Relationship Executive FOR FEMALES,Telecaller,"Banking, Financial Services and Insurance", PROPERTICKS REALTY INFO PRIVATE LIMITED,Chennai,"NO.2242,AP.Block,12th Main Road,Shanthi Colony,Anna Nagar,Chennai-600040", 22-11-2023 , 30-11-2023,"15,000 - 25,000 p.m",All,21-28,0-1 Year,Under Graduate,Automotive Sales Lead (Retail ) | Customer Care Executive (Relationship Centre) | Customer Relationship Executive | Customer Relationship Manager | Marketing and Social Media manager | Telecaller,20
Customer Sales Expert,Sales/Pre-Sales Executive,IT-ITES, Verifitech India Info Private Limited,Chennai,Gender : All, 22-11-2023 , 30-11-2023,"15,000 - 25,000 p.m", , , ,Under Graduate - Bachelor of Management - BUSS.ADMN./BUSS.MGMT,CRM Domestic Voice, 
Account based marketing,Business Development Executive,"Banking, Financial Services and Insurance", Verifitech India Info Private Limited,Chennai,Gender : All, 22-11-2023 , 30-11-2023,"15,000 - 25,000 p.m", , , ,Under Graduate - Bachelor of Commerce - BUSS.ADMN./BUSS.MGNT,Search Engine Marketing Executive | Social Media & Digital Marketing Manager, 
SALES EXECUTIVE - HONDA,Sales Executive,Automotive, ABVR MOTORS,Cuddalore,Imperial Road, 22-11-2023 , 30-11-2023,"10,000 - 15,000 p.m",Male,20-28,0-1 Year,Under Graduate,Sales Executive,5
CUSTOMER CARE EXECUTIVE,Customer Relationship Executive,Automotive, Sri Pandian Motors,Madurai,Kalavasal, 24-11-2023 , 30-11-2023,"10,000 - 15,000 p.m",Female, ,Fresher,HSC,Customer Care Executive | Customer Care Executive (Call Centre) | Customer Care Executive (Relationship Centre) | Customer Care Executive (Repair Centre),2
Machine Oparator,Trainee,Manufacturing, INDIA PISTONS LIMITED,Chengalpattu,"Melrosapuram, Singaperumal Koil", 24-11-2023 , 30-11-2023,"10,000 - 15,000 p.m",Male,18-24,0-1 Year,National Trade Certificate (NTC),Machine Operator,20
Accounts Executive,Accounts Executive,"Banking, Financial Services and Insurance", SHRIRAM GENERAL INSURANCE,Theni,NEAR COLLECTORATE, 24-11-2023 , 30-11-2023,"15,000 - 25,000 p.m",Male,21-31,1-2 Years,"Under Graduate - Bachelor of Commerce - COMMERCE , COMMERCE WITH COMPUTER APPLICATION",Accounts Executive,1
Apprentice / Trainee,Trainee,Automotive, Lucas TVS Ltd,Chennai,Padi, 24-11-2023 , 30-11-2023,"15,000 - 25,000 p.m",Male,18-25,0-1 Year,"Diploma - Diploma In Engineering - AUTOMOBILE ENGINEERING , ELECTRICAL AND ELECTRONICS ENGINEERING , MECHANICAL ENGINEERING",Assembly Line Operator,100
Drivers,Transplant Coordinator,Healthcare, Dr Aravinds IVF,Coimbatore,Gender : Male, 24-11-2023 , 30-11-2023,"15,000 - 25,000 p.m", , , ,SSLC,Driver Special Vehicle, 
Maketing executive,Marketing Executive,Healthcare, Dr Aravinds IVF,Coimbatore,"ganapathi, sundarapuram, pollachi.", 24-11-2023 , 30-11-2023,"15,000 - 25,000 p.m",All,20-30,1-2 Years,Under Graduate - Bachelor of Commerce - BUSINESS MANAGEMENT,Search Engine Marketing Executive,10
TRAINEE SERVICE ENGINEER,Maintenance Technician,Manufacturing, JN MACHNIEIRES PRIVATE LIMITED,Chennai,CHENNAI, 24-11-2023 , 30-11-2023,above 1 Lakh p.m,Male,18-30,Fresher,"Diploma - Diploma In Engineering - ELECTRICAL AND ELECTRONICS ENGINEERING , ELECTRONICS AND COMMUNICATION ENGINEERING , ELECTRONICS TECHNOLOGY","Engineer Power Generation- Thermal Plant Erection, Commissioning, Operation and Maintenance | Engineer-Technical Support(Level 1)",50
CUSTOMER SUPPORT EXECUTIVE,Trainee,Manufacturing, JN MACHNIEIRES PRIVATE LIMITED,Chennai,AMBATTUR, 24-11-2023 , 30-11-2023,above 1 Lakh p.m,Female,18-30,Fresher,"Under Graduate - Bachelor of Arts - BUSINESS ECONOMICS , BUSINESS STUDIES , ECONOMICS , HISTORY , POLITICAL SCIENCE , PSYCHOLOGY , TAMIL",Customer Care Executive,10
Business Development & Marketing Executive,Sales Executive,Manufacturing, JN MACHNIEIRES PRIVATE LIMITED,Chennai,CHENNAI, 24-11-2023 , 30-11-2023,above 1 Lakh p.m,Male,18-40,Fresher,"Under Graduate - Bachelor of Arts , Bachelor of Commerce , Bachelor of Management - CORPORATE SECRETRISH , BUSINESS MANAGEMENT , BUSS.ADMN./BUSS.MGNT",Dealership Sales and Value Added Services Executive | Dealership Telecaller Sales Executive,10
Service Manager,Customer Relationship Executive,Automotive, SUGUNA AUTOMOBILES,Coimbatore,"VOC Park Avinashi Road, Coimbatore", 08-06-2023 , 01-12-2023,"25,000 - 50,000 p.m",Male,25-60,2-3 Years,Diploma - Diploma Others - OTHERS,Customer Relationship Manager | Workshop Manager,1
SUPPORT EXECUTIVE/SEO,Analyst,IT-ITES, ALASS INFOTECH SOLUTION,Thiruchirappalli,NO.1 TOLLGATE, 10-11-2023 , 05-12-2023,"10,000 - 15,000 p.m",Female,18-25,0-1 Year,"Under Graduate - Bachelor of Science , Bachelor of Engineering / Technology , Bachelor of Computer application - COMPUTER / INFORMATION TECH. , COMPUTER PROGRAMMING , COMPUTER APPLICATION , COMPUTER SCIENCE AND ENGINEERING",Analyst | Communication Analyst | Trainer,15
Service Technician - Chennai,Trainee,Manufacturing, TMT Marketing and Sales Pvt Ltd,Chennai,T.Nagar, 22-11-2023 , 06-12-2023,"15,000 - 25,000 p.m",Male,20-30,Fresher,SSLC,Technical Helper - Electrical,3
OFFICE BOY (Multi Task),Worker,Retail, TMT Marketing and Sales Pvt Ltd,Chennai,T. Nagar, 20-11-2023 , 07-12-2023,"10,000 - 15,000 p.m",Male,20-30,0-1 Year,SSLC,Housekeeping Attendant (Manual Cleaning) | Office Assistant,1
Asst. Engineer,Production Assistant,Manufacturing, L G Balakrishnan and Bros Limited PMD K Plym Plant,Coimbatore,Kovilpalayam, 18-11-2023 , 08-12-2023,"15,000 - 25,000 p.m",Male,21-25,2-3 Years,Diploma - Diploma In Engineering - PRODUCTION ENGINEERING,Production Assistant,5
Asst Engineer,Quality assurance Manager,Manufacturing, L G Balakrishnan and Bros Limited PMD K Plym Plant,Coimbatore,Kovil Palayam, 18-11-2023 , 08-12-2023,"15,000 - 25,000 p.m",Male,21-25,2-3 Years,Diploma - Diploma In Engineering - AUTOMOBILE ENGINEERING,Quality Control Inspector-Visual Inspection,5
Service Technician - Chennai,Maintenance Technician,Manufacturing, TMT Marketing and Sales Pvt Ltd,Chennai,Gender : Male, 20-11-2023 , 08-12-2023,"15,000 - 25,000 p.m", , , ,"Under Graduate - Bachelors Others , Bachelor of Engineering / Technology - ELECTRICAL AND ELECTRONIC ENGINEERING",Service Technician – Home Appliances, 
ADMIN,Cashier,"Banking, Financial Services and Insurance", Jayapriya Group of Companies,Madurai,MADURAI, 22-11-2023 , 08-12-2023,"10,000 - 15,000 p.m",Female,20-35,Fresher,Under Graduate,Front Office Executive,10
Sales and Customer Support (English Hindi Tamil Must),Sales/Pre-Sales Executive,IT-ITES, Inaithiram Impex Internet Private Limited,Sivagangai,Karaikdui, 21-11-2023 , 09-12-2023,"10,000 - 15,000 p.m",All,21-25,0-1 Year,Under Graduate,Dealership Sales and Value Added Services Executive | Dealership Telecaller Sales Executive | Distributor Sales Representative | Sales and Pre-Sales Analyst | Sales Associate | Sales Coordinator | Sales Executive | Sales Executive-Dealership | Sales/Pre-Sales Executive,2
SEO Copy Writer/Content Writer,Content Writer,IT-ITES, Inaithiram Impex Internet Private Limited,Sivagangai,Karaikudi, 21-11-2023 , 09-12-2023,"10,000 - 15,000 p.m",All,21-26,0-1 Year,Under Graduate,Search Engine Marketing Executive | Search Engine Optimization Executive | Technical Writer,1
HR MANAGER,Associate - Recruitment,IT-ITES, Target Soft Systems,Chennai,T.Nagar, 09-11-2023 , 10-12-2023,"25,000 - 50,000 p.m",Male,25-35,3-4 Years,Post Graduate - Master of Management - MANAGEMENT,Accounts Executive (Accounts Payable & Receivable) | Accounts Executive (Payroll) | Accounts Executive (Statutory Compliance),1
Drivers - TATA Ace,Machine Operator,Manufacturing, TMT Marketing and Sales Pvt Ltd,Chennai,Redhills, 20-11-2023 , 10-12-2023,"15,000 - 25,000 p.m",Male,20-30,1-2 Years,HSC,Commercial Vehicle Driver,1
WELDER HELPER,Welder,Manufacturing, B Sustain Energy Projects Pvt Ltd,Chennai,Thiruverkadu, 24-11-2023 , 13-12-2023,"15,000 - 25,000 p.m",Male,20-40,Fresher,National Trade Certificate (NTC) - Welder (Fabrication & Fitting),Fabricator | Fitter - Fabrication | Industrial Welder (Oil & Gas) | Tack Welder,2
React Native Developer,Software Developer,IT-ITES, Target Soft Systems,Chennai,T.Nagar, 16-11-2023 , 15-12-2023,"50,000 - 1 Lakh p.m",All,25-40,5-10 Years,"Under Graduate - Bachelor of Engineering / Technology , Bachelor of Computer application - INFORMATION TECHNOLOGY , COMPUTER SCIENCE AND ENGINEERING , COMPUTER APPLICATION",MySQL,3
Software Sales Executive,Business Development Executive,IT-ITES, SOFTCARE APPLICATION PVT LTD,Chennai,CHENNAI, 17-11-2023 , 15-12-2023,"10,000 - 15,000 p.m",Male,21-30,0-1 Year,"Under Graduate - Bachelor of Commerce , Bachelor of Computer application - COMMERCE WITH COMPUTER APPLICATION , COMPUTER APPLICATION",Individual Sales Professional/ Self-employed Retailer | Sales Executive-IT Hardware,5
Pharmacist,Pharmacy Assistant,Healthcare, QnQ Healthcare Pvt Ltd,Kancheepuram,Kancheepuram, 18-11-2023 , 15-12-2023,"15,000 - 25,000 p.m",All,18-35,0-1 Year,"Diploma - Diploma Others - EDUCATION , OTHERS",Pharmacy Assistant,4
Mechanical Engineer cum AutoCAD Designer,Auto CAD Designer,Manufacturing, ANBU ENGINEERING INDIA PRIVATE LIMITED,Salem,Mettur, 18-11-2023 , 15-12-2023,"25,000 - 50,000 p.m",Male,28-40,5-10 Years,Under Graduate - Bachelor of Engineering / Technology - MECHANICAL ENGINGEERING,Product Design Engineer - Mechanical | Production Engineer,1
Customer Relationship Executive,Telecaller,"Banking, Financial Services and Insurance", SYNERGYREVO GLOBAL BUSINESS SERVICES PVT LTD,Chennai,Velachery, 20-11-2023 , 15-12-2023,"10,000 - 15,000 p.m",All,19-35,Fresher,SSLC,Customer Relationship Executive,50
Tele Caller Executive,Telecaller,IT-ITES, ALASS INFOTECH SOLUTION,Thiruchirappalli,NO.1 TOLLGATE, 22-11-2023 , 15-12-2023,"10,000 - 15,000 p.m",Female,19-25,Fresher,"Under Graduate - Bachelor of Commerce , Bachelor of Management , Bachelor of Science , Bachelor of Engineering / Technology , Bachelor of Computer application - COMMERCE , COMMERCE WITH COMPUTER APPLICATION , COMPUTER / INFORMATION TECH. , COMPUTER PROGRAMMING , COMPUTER APPLICATION , COMPUTER SCIENCE AND ENGINEERING",Customer Care Executive | Telecaller,20
Office Staff Wanted,Junior Officer,Pharmaceuticals, KAVIRAJ PHARMaAACEUTICALS,Erode,moolapalayam, 22-11-2023 , 15-12-2023,"10,000 - 15,000 p.m",All,18-38,0-1 Year,Under Graduate,Accounts Executive (Accounts Payable & Receivable),5
FIELD SALES EXECUTIVE,Sales/Pre-Sales Executive,IT-ITES, Voice Snap Services,Tiruvannamalai,Tiruvannamalai, 24-11-2023 , 15-12-2023,"15,000 - 25,000 p.m",Male,18-30,0-1 Year,Under Graduate,Field Sales Executive-Telecom Plan & Services | Sales Executive,2
TECHNICAL ENGINEER,Access Controls Installation Technician,Electronics & Hardware, Digital IT Infra Private Limited,Chennai,Alwarpet, 28-11-2023 , 15-12-2023,"15,000 - 25,000 p.m",Male,20-25,1-2 Years,Diploma - Diploma Others - OTHERS,Access Controls Installation Technician,20
Business Development Executive,Business Development Executive,"Banking, Financial Services and Insurance", Vanmoh chit funds private limited,Coimbatore,Gender : All, 22-11-2023 , 22-12-2023,"15,000 - 25,000 p.m", , , ,HSC,Business Development Executive | Sales Executive, 
Collection Executive,Debt Recovery Agent,"Banking, Financial Services and Insurance", Vanmoh chit funds private limited,Coimbatore,Gender : Male, 22-11-2023 , 22-12-2023,"15,000 - 25,000 p.m", , , ,HSC,Debt Recovery Agent, 
Customer Relationship Manager,Business Development Executive,"Banking, Financial Services and Insurance", Vanmoh chit funds private limited,Coimbatore,Gender : Female, 23-11-2023 , 23-12-2023,"15,000 - 25,000 p.m", , , ,HSC,Customer Relationship Executive, 
BILLING AND CASHIER,Cashier,"Banking, Financial Services and Insurance", UNIPRES INDIA PRIVATE LIMITED,Chennai,Gender : All, 19-10-2023 , 28-12-2023,"15,000 - 25,000 p.m", , , ,HSC,Billing Executive, 
Office Assistanat,RECEPTIONIST,Tourism & Hospitality, UNIPRES INDIA PRIVATE LIMITED,Chennai,Gender : All, 19-10-2023 , 28-12-2023,"15,000 - 25,000 p.m", , , ,HSC,Office Assistant, 
Tele Sales Executive,Telecaller,IT-ITES, UCFER,Tiruppur,Dharapuram, 08-11-2023 , 29-12-2023,7500-10000 p.m,Female,18-25,Fresher,Under Graduate,Telecaller,2
Apprentice TRAINEE,Trainee,Manufacturing, Talentpro India HR Private Limited,Chengalpattu,Oragadam, 18-11-2023 , 29-12-2023,"15,000 - 25,000 p.m",All,19-23,0-1 Year,Diploma - Diploma In Engineering,Assembly Line Operator | Assembly Machine Operator | Engineer Trainee,25
Field Maintenance Engineer,Field Maintenance Engineer,Telecom, Talentpro India HR Private Limited,Chennai,Chennai, 21-07-2023 , 30-12-2023,"15,000 - 25,000 p.m",Male,20-28,1-2 Years,"Diploma - Diploma In Engineering , DIPLOMA IN MEDICAL / PARAMEDICAL - BASIC ENGINEERING",Field Technician - Networking and Storage | Telecom Tower / Bay Installation Supervisor | Telecom- Tower Technician,25
Sales Representative,Sales Executive,Electronics & Hardware, Vigilmate solutions private limited,Chennai,Perungudi, 18-11-2023 , 30-12-2023,"15,000 - 25,000 p.m",Male,18-45,0-1 Year,SSLC,Sales Associate | Sales Executive | Sales Executive (Broadband),5
Logistics and supply chain management,PRODUCTION MANAGER,Manufacturing, TMT Marketing and Sales Pvt Ltd,Chennai,T. Nagar, 20-11-2023 , 30-12-2023,"25,000 - 50,000 p.m",All,25-30,5-10 Years,"Under Graduate - Bachelors Others , Bachelor of Engineering / Technology",Warehouse Manager,1
Business Development & Marketing Executive,Sales Executive (Media Org.),Media & Entertainment, SINGH MULTI VISUAL MEDIA TRICHY,Thiruchirappalli,PUTHUR, 02-05-2022 , 31-12-2023,"15,000 - 25,000 p.m",Female,18-28,0-1 Year,Under Graduate - Bachelor of Education,Field Executive - Data and Document Collection or Verification,20
Business Development & Marketing Executive FOR FEMALE CANDIDATES,Sales Executive (Media Org.),Media & Entertainment, SINGH MULTI VISUAL MEDIA TRICHY,Pudukkottai,puthur, 02-05-2022 , 31-12-2023,"15,000 - 25,000 p.m",Female,18-28,0-1 Year,Under Graduate,Business Development Executive,20
Business Development & Marketing Executive FOR FEMALE CANDIDATES,Sales Executive (Media Org.),Media & Entertainment, SINGH MULTI VISUAL MEDIA TRICHY,Karur,Puthur, 02-05-2022 , 31-12-2023,"15,000 - 25,000 p.m",Female,18-28,0-1 Year,Under Graduate,Business Development Executive,20
Business Development & Marketing Executive FOR FEMALE CANDIDATES,Digital Marketing Manager,Media & Entertainment, SINGH MULTI VISUAL MEDIA TRICHY,Thanjavur,Puthur, 02-05-2022 , 31-12-2023,"15,000 - 25,000 p.m",Female,18-28,0-1 Year,Under Graduate,Business Development Executive,20
Business Development & Marketing Executive FOR FEMALE CANDIDATES,Sales Executive (Media Org.),Media & Entertainment, SINGH MULTI VISUAL MEDIA TRICHY,Perambalur,Puthur, 02-05-2022 , 31-12-2023,"15,000 - 25,000 p.m",Female,18-28,0-1 Year,Under Graduate,Business Development Executive,20
Business Development & Marketing Executive FOR FEMALE CANDIDATES,Sales Executive (Media Org.),Media & Entertainment, SINGH MULTI VISUAL MEDIA TRICHY,Namakkal,Puthur, 02-05-2022 , 31-12-2023,"15,000 - 25,000 p.m",Female,18-28,0-1 Year,Under Graduate,Area Sales Officer,20
Business Development & Marketing Executive FOR FEMALE CANDIDATES,Digital Marketing Manager,Media & Entertainment, SINGH MULTI VISUAL MEDIA TRICHY,Ariyalur,Puthur, 02-05-2022 , 31-12-2023,"15,000 - 25,000 p.m",Female,18-28,0-1 Year,Under Graduate,Business Development Executive,20
Business Development & Marketing Executive FOR FEMALE CANDIDATES,Sales Executive (Media Org.),Media & Entertainment, SINGH MULTI VISUAL MEDIA TRICHY,Cuddalore,puthur, 02-05-2022 , 31-12-2023,"15,000 - 25,000 p.m",Female,18-28,0-1 Year,Under Graduate,Business Development Executive,20
Business Development & Marketing Executive FOR FEMALE CANDIDATES,Digital Marketing Manager,Media & Entertainment, SINGH MULTI VISUAL MEDIA TRICHY,Dindigul,puthur, 02-05-2022 , 31-12-2023,"15,000 - 25,000 p.m",Female,18-28,0-1 Year,Under Graduate,Business Development Executive,20
Business Development & Marketing Executive FOR FEMALE CANDIDATES,Digital Marketing Manager,Media & Entertainment, SINGH MULTI VISUAL MEDIA TRICHY,Kallakurichi,puthur, 02-05-2022 , 31-12-2023,"15,000 - 25,000 p.m",Female,18-28,0-1 Year,Under Graduate,Business Development Executive,20
Business Development & Marketing Executive FOR FEMALE CANDIDATES,Digital Marketing Manager,Media & Entertainment, SINGH MULTI VISUAL MEDIA TRICHY,Mayiladuthurai,puthur, 02-05-2022 , 31-12-2023,"15,000 - 25,000 p.m",Female,18-28,0-1 Year,Under Graduate,Business Development Executive,20
Data Entry + Telecalling,Customer Relationship Executive,Automotive, Selvam Motor,Virudhunagar,"By-pass road, Virudhunagar", 01-08-2022 , 31-12-2023,7500-10000 p.m,Female, ,Fresher,Under Graduate,Dealership Telecaller Sales Executive | Telecaller,4
Digital Marketing Executive FOR FEMALES,Digital Marketing Manager,Media & Entertainment, SINGH MULTI VISUAL MEDIA TRICHY,Thiruchirappalli,PUTHUR, 20-08-2022 , 31-12-2023,"15,000 - 25,000 p.m",Female,20-30,1-2 Years,Under Graduate,Digital Marketing Manager,5
SALES EXECUTIVE - Females - MARKETING EXECUTIVE-CUSTOMER SERVICE EXECUTIVE,Social Media Executive,Media & Entertainment, SINGH MULTI VISUAL MEDIA TRICHY,Thiruchirappalli,PUTHUR, 23-08-2022 , 31-12-2023,"15,000 - 25,000 p.m",Female,18-30,0-1 Year,Under Graduate,Communication Analyst | Customer Care Executive | Customer Relationship Manager | Marketing and Social Media manager,5
MIS Executive,Marketing Executive,"Banking, Financial Services and Insurance", PS TRADERS,Cuddalore,VRIDHACHALAM, 22-10-2022 , 31-12-2023,7500-10000 p.m,All,18-60,Fresher,Under Graduate,Accounts Executive (Accounts Payable & Receivable) | Area Sales Officer | Computer Designer | Dealership Sales and Value Added Services Executive,2
Marketing and Sales Executives,Distributor Salesman,Retail, PS TRADERS,Cuddalore,Vridhachalam, 22-10-2022 , 31-12-2023,7500-10000 p.m,Female,18-60,Fresher,Under Graduate,Accounts Executive | Dealership Telecaller Sales Executive | Distributor Sales Representative | Distributor Salesman | Marketing Manager-LOB,3
DELIVERY BOY,Distributor Salesman,Retail, PS TRADERS,Cuddalore,Virudhachalam, 22-10-2022 , 31-12-2023,7500-10000 p.m,All,18-60,Fresher,SSLC,Accounts Executive | Taxi Driver | Team Leader | Use Basic English for Employability – Variant I,5
Executive,Junior Data Associate,IT-ITES, VERVE TECHNOLOGIES,Cuddalore,CUDDALORE, 03-11-2022 , 31-12-2023,7500-10000 p.m,All,18-30,Fresher,Under Graduate,Document Coder/Processor,20
Training Executive,Marketing and collection manager,"Banking, Financial Services and Insurance", CreditAccess Grameen ltd,Cuddalore,CUDDALORE, 03-11-2022 , 31-12-2023,"10,000 - 15,000 p.m",All,18-30,Fresher,HSC,Microfinance Executive,10
Executive,Accounts Executive,"Banking, Financial Services and Insurance", FINSIGMA INCLUSIVE PVT LTD,Cuddalore,CUDDALORE, 08-11-2022 , 31-12-2023,"10,000 - 15,000 p.m",All,18-40,Fresher,Under Graduate,Accounts Executive,10
Development manager,Insurance Agent,"Banking, Financial Services and Insurance", SBI LIFE INSURANCE,Cuddalore,cuddalore, 30-12-2022 , 31-12-2023,"10,000 - 15,000 p.m",All,18-40,Fresher,SSLC,Business Development Executive,20
Sales Excutive,Retail Sales Associate,Retail, Thasa traders,Cuddalore,cuddalore, 30-12-2022 , 31-12-2023,"10,000 - 15,000 p.m",All,18-40,Fresher,SSLC,Sales Executive,10
HOME APPLIANCE SALES OFFICER,Retail Store Manager,Retail, THE CHENNAI MOBILES,Coimbatore,"VADAVALLI,GANDHIPURAM", 22-02-2023 , 31-12-2023,"15,000 - 25,000 p.m",Male,19-35,0-1 Year,Under Graduate,Area Sales Officer,100
CUSTOMER CARE EXECUTIVE,Worker,Retail, THE CHENNAI MOBILES,Coimbatore,GANDHIPURAM, 22-02-2023 , 31-12-2023,"15,000 - 25,000 p.m",All,19-25,Fresher,HSC,Customer Care Executive,10
PACKING HELPER female,PACKING HELPER,Manufacturing, JANANI ENTERPRISES,Thiruchirappalli,THUVAKUDI, 30-03-2023 , 31-12-2023,7500-10000 p.m,Female,20-45,Fresher,HSC,Packing Machine Worker – Food Processing,10
3D Artist,User Experience Designer,IT-ITES, Zealous Services,Salem,"Suramangalam, ELCOT, IT Park, Salem", 20-04-2023 , 31-12-2023,"10,000 - 15,000 p.m",All,24-24,0-1 Year,Under Graduate,Animator | Graphic Designer,100
ASSEMBLY OPERATOR,Production Assistant,Manufacturing, SIMHO PRIVATE LIMITED,Kancheepuram,SRIPERUMBUDUR, 21-04-2023 , 31-12-2023,"10,000 - 15,000 p.m",Female,18-27,Fresher,SSLC,Assembly Machine Operator,100
ACCOUNT EXECUTIVE,Cashier,Gems & Jewellery, SRI PADMARAJ JEWELLERS,Coimbatore,RS PURAM, 05-05-2023 , 31-12-2023,"15,000 - 25,000 p.m",All,18-30,0-1 Year,HSC,"Accounts Executive | Accounts Executive (Accounts Payable & Receivable) | Accounts Executive (Payroll) | Accounts Executive (Recording, Reporting)",3
FACTORY WORKERS FRESHERS,Goldsmith - Component Maker,Gems & Jewellery, SRI PADMARAJ JEWELLERS,Coimbatore,RS PURAM, 16-05-2023 , 31-12-2023,"15,000 - 25,000 p.m",Male,18-40,0-1 Year,SSLC,Handmade Gold and Gems-set Jewellery - Gold Melter and Refiner | Handmade Gold and Gems-set Jewellery - Master Maker - Hand | Handmade Gold and Gems-set Jewellery - Polisher and Cleaner,5
Cashier,Retail Cashier,Retail, THE CHENNAI MOBILES,Ramanathapuram,Gender : Male, 08-06-2023 , 31-12-2023,"10,000 - 15,000 p.m", , , ,Under Graduate,Retail Sales Associate | Retail Sales Specialist cum Cashier, 
Sales Associated,Retail Associate cum Cashier,Retail, THE CHENNAI MOBILES,Ramanathapuram,Gender : Male, 08-06-2023 , 31-12-2023,"10,000 - 15,000 p.m", , , ,Under Graduate,Retail Sales Associate, 
Laptop chip level service engineers,Service Engineer,Electronics & Hardware, HARIDRA,Coimbatore,Gender : Male, 28-06-2023 , 31-12-2023,"10,000 - 15,000 p.m", , , ,"Diploma - Diploma In Engineering - ELECTRICAL AND ELECTRONICS ENGINEERING , ELECTRONICS AND COMMUNICATION ENGINEERING , ELECTRONICS TECHNOLOGY",Hardware Engineer, 
Business development manager,Business Development Executive,"Banking, Financial Services and Insurance", Magnes Insurance Marketing Pvt Ltd,Chennai,MADIPAKKAM, 27-07-2023 , 31-12-2023,"15,000 - 25,000 p.m",All,20-60,Fresher,Under Graduate,Area Sales Officer | Marketing and Social Media manager,30
Senior Business Development Manager,Marketing Executive,"Banking, Financial Services and Insurance", Magnes Insurance Marketing Pvt Ltd,Chennai,MADIPAKKAM, 27-07-2023 , 31-12-2023,"25,000 - 50,000 p.m",All,25-60,2-3 Years,Under Graduate,Team Leader,10
Business Development Executive (WORK FROM HOME)),Insurance Agent,"Banking, Financial Services and Insurance", Magnes Insurance Marketing Pvt Ltd,Chennai,MADIPAKKAM, 27-07-2023 , 31-12-2023,"15,000 - 25,000 p.m",All,20-60,Fresher,Under Graduate,Sales Executive | Team Leader,30
Insurance Advisor (WORK FROM HOME)),Insurance Agent,"Banking, Financial Services and Insurance", Magnes Insurance Marketing Pvt Ltd,Chennai,MADIPAKKAM, 27-07-2023 , 31-12-2023,"10,000 - 15,000 p.m",All,18-60,Fresher,SSLC,Insurance Agent,30
Turner Lather,Machine Operator,Manufacturing, Sri Vigneshwara Industries,Cuddalore,Cuddalore, 06-08-2023 , 31-12-2023,"15,000 - 25,000 p.m",Male,24-35,2-3 Years,HSC,Lathe machine operator / Turner,3
Sales Executive And Accountant - Poorvika Mobiles,Sales Associate,Retail, Poorvika Mobiles Private Limited,Coimbatore,All Over Tamilnadu, 18-10-2023 , 31-12-2023,"15,000 - 25,000 p.m",Male,18-29,0-1 Year,SSLC,Sales consultant (Retail),50
SALES & MARKETING EXECUTIVE,Sales Executive,Automotive, JAYARAJ AUTOMOBILE AGENCY,Madurai,Madurai, 18-10-2023 , 31-12-2023,"15,000 - 25,000 p.m",Male,22-38,0-1 Year,"Under Graduate - Bachelor of Arts , Bachelors Others , Bachelor of Engineering / Technology - AUTOMOBILE ENGINEERING , CIVIL ENGINEERING , ELECTRICAL AND ELECTRONIC ENGINEERING",Area Sales Officer | Sales Executive,10
Field Service Engineer,Technician,Automotive, JAYARAJ AUTOMOBILE AGENCY,Madurai,"Madurai, Virdhunagar, Ramanathapuram, Theni, Dindigul", 18-10-2023 , 31-12-2023,"15,000 - 25,000 p.m",Male,21-40,0-1 Year,"Diploma - Diploma In Engineering , Diploma Others - AUTOMOBILE ENGINEERING , BASIC ENGINEERING , ELECTRICAL AND ELECTRONICS ENGINEERING , ELECTRONICS TECHNOLOGY , MECHANICAL ENGINEERING (MACHINE TOOL MAINTENANCE & REPAIRS)",Automotive Body Painting Technician Level 3 | Service Advisor | Service Engineer | Service Engineer - Breakdown Service | Service Supervisor | Technical Services Engineer,40
CNC & VMC OPERATOR/ WELDER / SALES EXECUTIVE,Machine Operator,Rubber, NUELEEF,Chennai,PERUNGUDI, 19-10-2023 , 31-12-2023,"15,000 - 25,000 p.m",Male,18-45,Fresher,"National Trade Certificate (NTC) - Electrician , Fitter , Machinist (Grinder) , Welder",CNC Operator - Grinding Machine Centre | Metal Inert Gas / Metal Active Gas /Gas Metal Arc Welder (MIG/MAG/GMAW) | Sales Manager,50
TEAM LEADER,Business Development Executive,"Banking, Financial Services and Insurance", BHARTI AXA LIFE INSURANCE,Coimbatore,R S PURAM, 28-10-2023 , 31-12-2023,"25,000 - 50,000 p.m",All,18-28,Fresher,Under Graduate,Life Insurance Agent | Marketing Manager-LOB | Team Leader,100
Sr. Software Engineer,Software Engineer,IT-ITES, CTTD EPEACE PRIVATE LIMITED,Chennai,Chennai, 30-10-2023 , 31-12-2023,above 1 Lakh p.m,All,24-30,5-10 Years,"Under Graduate - Bachelor of Engineering / Technology - INFORMATION TECHNOLOGY , COMPUTER SCIENCE AND ENGINEERING",Software Developer | Software Engineer,1
Wanted Sr.Account Executive,Accounts Executive,"Banking, Financial Services and Insurance", RP NEXUS WORLDWIDE PVT LTD,Chennai,k.k.nagar, 30-10-2023 , 31-12-2023,"15,000 - 25,000 p.m",All,25-50,2-3 Years,Under Graduate - Bachelor of Commerce - ACCOUNTANCY&AUDITING,"Accounts Executive | Accounts Executive (Accounts Payable & Receivable) | Accounts Executive (Recording, Reporting) | Accounts Executive (Statutory Compliance)",2
OPERATOR,Machine Operator,Manufacturing, Innovative Rubber Tools,Krishnagiri,Hosur, 01-11-2023 , 31-12-2023,"10,000 - 15,000 p.m",Male,20-30,Fresher,Diploma - Diploma In Engineering - AUTOMOBILE ENGINEERING,Machine Operator | Tool and Die Maker | Tool Designer,20
AC Technician,Access Controls Installation Technician,Electronics & Hardware, The Madurai Air Systems,Madurai,kamarajar salai, 02-11-2023 , 31-12-2023,"15,000 - 25,000 p.m",All,18-40,0-1 Year,National Trade Certificate (NTC),AC Specialist,15
APPLICATION ENGINEER,Diploma Engineer Trainee,Automotive, Skytec solutions,Chennai,Ambattur, 02-11-2023 , 31-12-2023,"15,000 - 25,000 p.m",Male,18-32,0-1 Year,Diploma - Diploma In Engineering - MECHANICAL ENGINEERING,Application Maintenance Engineer,3
FITTER TRAINEE,Fitter,Manufacturing, UNIPRES INDIA PRIVATE LIMITED,Chennai,Gender : All, 04-11-2023 , 31-12-2023,"15,000 - 25,000 p.m", , , ,SSLC,Fitter, 
TELE CALLING EXECUTIVE - WOMEN,Customer Relationship Manager,Automotive, AARUDHRA MOTORS,Ranipet,Walajapet, 08-11-2023 , 31-12-2023,7500-10000 p.m,Female,20-30,0-1 Year,HSC,Telecaller,1
Service Technician / Field Service Technician,Technician,Automotive, AARUDHRA MOTORS,Vellore,vellore, 08-11-2023 , 31-12-2023,"10,000 - 15,000 p.m",Male,20-30,1-2 Years,SSLC,Tractor Mechanic | Tractor operator,4
Service Technician / Field Service Technician,Technician,Automotive, AARUDHRA MOTORS,Ranipet,walajapet, 08-11-2023 , 31-12-2023,"10,000 - 15,000 p.m",Male,20-30,1-2 Years,SSLC,Tractor Mechanic | Tractor operator,3
Service Technician / Field Service Technician,Technician,Automotive, AARUDHRA MOTORS,Thiruppathur,Thirupathur, 08-11-2023 , 31-12-2023,"10,000 - 15,000 p.m",Male,20-30,1-2 Years,SSLC,Tractor Mechanic | Tractor operator,2
TRACTOR DEMONSTRATOR - JOHNDEERE TRACTOR - AARUDHRA MOTORS,Vehicle test Driver,Automotive, AARUDHRA MOTORS,Vellore,Vellore, 08-11-2023 , 31-12-2023,"10,000 - 15,000 p.m",Male,20-30,0-1 Year,SSLC,Tractor operator,1
Sales Executive - JOHNDEERE TRACTOR - AARUDHRA MOTORS,Sales Executive-Dealership,Automotive, AARUDHRA MOTORS,Vellore,Vellore, 08-11-2023 , 31-12-2023,"10,000 - 15,000 p.m",Male,20-30,0-1 Year,SSLC,Dealership Sales and Value Added Services Executive,3
Driver,Sales Executive,Manufacturing, ANNAI PRODUCTS,Namakkal,NAMAKKAL, 15-11-2023 , 31-12-2023,"15,000 - 25,000 p.m",Male,20-45,0-1 Year,SSLC,Sales Executive,5
Quality Inspector,Quality assurance Manager,Manufacturing, SUBA INJECTION MOULDERS,Krishnagiri,HOSUR, 16-11-2023 , 31-12-2023,"10,000 - 15,000 p.m",Male,19-30,1-2 Years,"Under Graduate - Bachelor of Engineering / Technology - POLYMER TECHNOLOGY , MECHANICAL ENGINGEERING",Plastics Mould Manufacturer,5
Drivers,Driver,Logistics, DECCAN SUPPLY CHAIN SOLUTIONS LLP,Chennai,CHENNAI TO HOSUR TO BANGALORE, 18-11-2023 , 31-12-2023,"25,000 - 50,000 p.m",Male,18-58,Fresher,Below SSLC,Commercial Vehicle Driver,30
AutoCAD Civil Designer,Draughtsman,Construction, JEYES ENGINEERING INDUSTRIES,Coimbatore,Coimbatore, 19-11-2023 , 31-12-2023,"10,000 - 15,000 p.m",Female,16-35,0-1 Year,Below SSLC,Draughtsman | Surveyor,1
Sales assistant,Sales Associate,Retail, GPS and Co,Mayiladuthurai,Mayiladuthurai, 19-11-2023 , 31-12-2023,7500-10000 p.m,Female,21-35,1-2 Years,HSC,Individual Sales Professional/ Self-employed Retailer,1
Account Executive,Accounts Executive (Advertising Agency),Media & Entertainment, AIRMEDIA BROADCAST SOLUTIONS PRIVATE LIMITED,Coimbatore,Ganapathy, 19-11-2023 , 31-12-2023,"10,000 - 15,000 p.m",All,22-39,0-1 Year,Under Graduate,Accounts Executive (Accounts Payable & Receivable),2
Immediate hiring for Chinese & Tandoor cook,Industrial Production Worker – Food Processing,Food Processing, APOLLO SINDOORI HOTELS LIMITED,Chennai,Thousand light, 19-11-2023 , 31-12-2023,"15,000 - 25,000 p.m",Male,20-35,1-2 Years,Diploma - Diploma Others - OTHERS,Mountaineering Camp Cook/ Camp Cook | Multi-cuisine Cook | Tandoor Cook,5
IMMEDIATE HIRING FOR DRIVER,Driver,Logistics, APOLLO SINDOORI HOTELS LIMITED,Chennai,Thousand light, 19-11-2023 , 31-12-2023,"15,000 - 25,000 p.m",Male,25-35,2-3 Years,SSLC,Ambulance Driver | Commercial Vehicle Driver | Driver Special Vehicle,5
CNC & VMC OPERATOR / SETTER,Machine Operator,Manufacturing, VISHNU EQUIPMENTS PVT LTD,Coimbatore,Ramanathapuram, 20-11-2023 , 31-12-2023,"15,000 - 25,000 p.m",Male,22-35,1-2 Years,Diploma - Diploma In Engineering - MECHANICAL ENGINEERING,CNC Programmer | CNC Setter cum operator - Turning | CNC Setter cum operator - Vertical Machining Centre,5
Trainee in Production,Trainee,Automotive, AMU ENGINEERING,Chennai,Guduvancherry, 20-11-2023 , 31-12-2023,"10,000 - 15,000 p.m",All,18-25,Fresher,Diploma - Diploma In Engineering - MECHANICAL ENGINEERING,Assembly Line Operator,25
Machine Operator,Machine Operator,Manufacturing, AMU ENGINEERING,Coimbatore,Kondayam Palayam, 20-11-2023 , 31-12-2023,"15,000 - 25,000 p.m",Male,21-35,2-3 Years,National Trade Certificate (NTC) - Machinist,CNC Operator - Turning | CNC Operator - Vertical Machining Centre | CNC Operator / Machining Technician L3 | CNC Operator / Machining Technician L4 | CNC Programmer | CNC Setter cum operator - Turning | CNC Setter cum operator - Vertical Machining Centre | Machine Operator – CNC Lathe | Machine Operator – CNC Milling | Machine Operator & Programmer – CNC Milling | Machine Operator & Programmer – CNC Lathe,50
VTL / CNC Programe cum Operator,Machine Operator,Manufacturing, Microtechprecisionengineering,Coimbatore,arasur, 21-11-2023 , 31-12-2023,"15,000 - 25,000 p.m",Male,18-45,1-2 Years,National Trade Certificate (NTC),CNC Setter cum operator - Turning,10
OFFICE BOY (Multi Task),General Housekeeper,Domestic Worker, Carnival Studios,Salem,Fairlands, 21-11-2023 , 31-12-2023,7500-10000 p.m,Male,16-25,Fresher,Below SSLC,Clean-up Artist,2
Office Assistant,Production Assistant,Media & Entertainment, Carnival Studios,Salem,Fairlands, 21-11-2023 , 31-12-2023,7500-10000 p.m,Male,16-25,Fresher,Below SSLC,Office Assistant,2
Digital Marketing Executive,Digital Marketing Manager,Media & Entertainment, Carnival Studios,Salem,Fairlands, 21-11-2023 , 31-12-2023,"10,000 - 15,000 p.m",Male,20-40,Fresher,Under Graduate,Digital Marketing Manager | Marketing and Social Media manager | Social Media & Digital Marketing Manager,2
HR and Admin,HR Executive – Payroll and Employee Data Management,Management and Entrepreneurship & Professional, Carnival Studios,Salem,Fairlands, 21-11-2023 , 31-12-2023,"10,000 - 15,000 p.m",Male,20-40,Fresher,Under Graduate,HR Executive – Payroll and Employee Data Management,2
Audit Assistant,Accounts Executive,"Banking, Financial Services and Insurance", BASHA NARASIMHAN,Chennai,Gender : Male, 21-11-2023 , 31-12-2023,"10,000 - 15,000 p.m", , , ,Under Graduate,Accounts Executive, 
Electricain,Automotive Electrician,Automotive, SWARNAMBIGAI GROUP OF COMPANIES,Salem,MAMANGAM, 22-11-2023 , 31-12-2023,"15,000 - 25,000 p.m",Male,25-50,4-5 Years,Diploma,Automotive Electrician Level 4,2
OFFICE ASSISTANT,Sales Representative,Manufacturing, HINDUSTAN GROUP OF COMPANY,Dindigul,All over tamilnadu, 22-11-2023 , 31-12-2023,"10,000 - 15,000 p.m",All,18-25,Fresher,HSC,Home Delivery Boy | Sales Representative,86
STP Operator,Maintenance Technician,Manufacturing, Entreat Technologies,Thiruchirappalli,Gender : Male, 22-11-2023 , 31-12-2023,"10,000 - 15,000 p.m", , , ,"Diploma - Diploma In Engineering - ELECTRICAL AND ELECTRONICS ENGINEERING , ENVIRONMENTAL ENGINEERING AND POLLUTION CONTROL , MECHANICAL ENGINEERING",Wastewater Treatment Plant Technician, 
Analytical Chemist,Junior Officer,Pharmaceuticals, KAVIRAJ PHARMaAACEUTICALS,Erode,kaspa pettai, 22-11-2023 , 31-12-2023,"10,000 - 15,000 p.m",All,18-38,0-1 Year,"Under Graduate - Bachelor of Science - BIO-CHEMISTRY , CHEMISTRY , MICRO-BIOLOGY",QC Chemist Batch Release Testing | Soil & Water Testing Lab Analyst,10
Marketing Team Lead,Marketing Executive,"Banking, Financial Services and Insurance", Verifitech India Info Private Limited,Chennai,Gender : All, 22-11-2023 , 31-12-2023,"15,000 - 25,000 p.m", , , ,"Under Graduate - Bachelor of Arts , Bachelor of Commerce - BUSINESS ECONOMICS",Digital Marketing Manager | Marketing and Social Media manager | Social Media & Digital Marketing Manager, 
SITE ENGINEER,Structural Engineer,Construction, ANNAI INFRA DEVELOPERS LIMITED,Erode,Perundurai, 24-11-2023 , 31-12-2023,"15,000 - 25,000 p.m",Male,22-40,1-2 Years,Diploma - Diploma In Engineering - CIVIL ENGINEERING,Plumbing site engineer | Site Engineer – Control Panel | Supervisor - Site EHS,3
STAFF NURSE,STAFF NURSE,Healthcare, Kefi home health care pvt ltd,Chennai,ashok nagar, 24-11-2023 , 31-12-2023,"15,000 - 25,000 p.m",Female,20-35,1-2 Years,"Diploma - DIPLOMA IN MEDICAL / PARAMEDICAL , Diploma Others - MIDWIFE , NURSING",Home Health Aide,15
Accounts Executive,Accounts Executive,"Banking, Financial Services and Insurance", Enhance career services,Vellore,Katpadi, 04-01-2023 , 01-01-2024,"10,000 - 15,000 p.m",All,21-50,0-1 Year,"Under Graduate - Bachelor of Commerce - ACCOUNTANCY&AUDITING , ACCT. & INCOME TAX , COMMERCE , COMMERCE WITH COMPUTER APPLICATION",Goods & Services Tax (GST) Accounts Assistant,3
HUMAN RESOURCE OFFICER,Marketing Executive,"Banking, Financial Services and Insurance", KARE Health Allied Services,Chennai,Puzhal Kavangarai, 18-06-2023 , 01-01-2024,"10,000 - 15,000 p.m",All,22-35,Fresher,Post Graduate - Master of Management,HR Executive – Payroll and Employee Data Management,5
Accontant,Accounts Executive,"Banking, Financial Services and Insurance", KARE Health Allied Services,Chennai,"Kavangarai, Puzhal", 18-06-2023 , 01-01-2024,"10,000 - 15,000 p.m",All,22-35,Fresher,Under Graduate - Bachelor of Commerce,Accounts Executive (Accounts Payable & Receivable),10
Junior Process Associate for International Voice Process,Customer Care Executive (Call Centre),Telecom, KG INVICTA SERVICES PRIVATE LIMITED,Coimbatore,Saravanampatty, 24-07-2023 , 01-01-2024,"15,000 - 25,000 p.m",All,18-28,Fresher,Under Graduate,Customer Care Executive | Customer Care Executive (Call Centre),100
Accontant,Accounts Executive,"Banking, Financial Services and Insurance", UNIPRES INDIA PRIVATE LIMITED,Chennai,Gender : All, 31-10-2023 , 01-01-2024,"15,000 - 25,000 p.m", , , ,Under Graduate - Bachelor of Commerce - BUSS.ADMN./BUSS.MGNT,Accounts Executive (Accounts Payable & Receivable), 
OFFICE STAFF,Front Desk Officer - Financial Institutions,"Banking, Financial Services and Insurance", AARO MOTORS,Kanniyakumari,"NAGERCOIL,MARTHANDAM", 31-01-2023 , 30-01-2024,"10,000 - 15,000 p.m",All,23-40,1-2 Years,Diploma - Diploma Others - EDUCATION,Computer Aided Engineering - Test Executive | Computer Designer,5
"TECHINIAN,",Manager Maintenance Mechanical & Electrical Level 5,Automotive, AARO MOTORS,Kanniyakumari,"NAGERCOIL,MARTHANDAM", 31-01-2023 , 31-01-2024,"10,000 - 15,000 p.m",Male,23-42,0-1 Year,HSC,Field Maintenance Engineer | Junior Mechanic – Elec/Electronics/ Instruments,5
SHOWROOM MANAGER,Retail Store Manager,Retail, AARO MOTORS,Kanniyakumari,NAGERCOIL, 31-01-2023 , 31-01-2024,"15,000 - 25,000 p.m",Male,35-47,4-5 Years,Diploma,Retail Team Leader,1
Cashier/Accountant,Cashier,Automotive, Selvam Motor,Virudhunagar,Virudhunagar, 18-03-2023 , 31-01-2024,"10,000 - 15,000 p.m",All, ,Fresher,Under Graduate,Accounts Executive | Cashier,2
Sim Dep ASM,Retail Team Leader,Retail, THE CHENNAI MOBILES,Coimbatore,Coimbatore, 23-05-2023 , 31-01-2024,"25,000 - 50,000 p.m",Male,19-30,2-3 Years,Post Graduate,Area Sales Officer | Retail Sales Associate,100
Purchase Executive,Retail Sales Associate,Retail, THE CHENNAI MOBILES,Coimbatore,Coimbatore, 23-05-2023 , 31-01-2024,"15,000 - 25,000 p.m",Male,19-28,0-1 Year,Under Graduate,Purchase Executive,100
Cashier and Store Keeper,Retail Cashier,Retail, THE CHENNAI MOBILES,Tiruppur,Tiruppur, 23-05-2023 , 31-01-2024,"10,000 - 15,000 p.m",All,18-28,0-1 Year,Diploma,Retail Associate cum Cashier,100
Sales Associated,Retail Sales Specialist cum Cashier,Retail, THE CHENNAI MOBILES,Tiruppur,Old bus stand, 23-05-2023 , 31-01-2024,"10,000 - 15,000 p.m",All,18-28,0-1 Year,Under Graduate,Retail Sales Associate,100
CNC PROGRAMMER,PRODUCTION MANAGER,Manufacturing, Balu Auto Components pvt tld,Kancheepuram,Walajabath, 30-10-2023 , 31-01-2024,"25,000 - 50,000 p.m",All,30-55,5-10 Years,National Trade Certificate (NTC),CNC Programmer,2
Store inspector,Trainee,Automotive, Balu Auto Components pvt tld,Kallakurichi,walajabath, 30-10-2023 , 31-01-2024,"10,000 - 15,000 p.m",All,18-40,Fresher,SSLC,Inspection Operator,5
Press Operator,Machine Operator,Manufacturing, Mecho Light Components Chengai private Limited,Kancheepuram,Vallam sipcot, 04-11-2023 , 31-01-2024,"10,000 - 15,000 p.m",Male,25-35,2-3 Years,National Trade Certificate (NTC) - Machinist,Press Shop Operator L4,10
Tool Room Technician,Machine Operator,Manufacturing, Mecho Light Components Chengai private Limited,Kancheepuram,vanagaram, 04-11-2023 , 31-01-2024,"15,000 - 25,000 p.m",Male,25-35,4-5 Years,National Trade Certificate (NTC) - Tool & Die Maker (Dies & Moulds),Tool and Die Maker,4
Frontline Sales Executive - Growth officer,SALES OFFICER,Food Processing, Parle Agro Pvt Ltd,Chennai,Chennai, 07-11-2023 , 31-01-2024,"10,000 - 15,000 p.m",Male,18-30,Fresher,Under Graduate,Area Sales Officer | Sales Executive,50
Area Growth Manager,SALES OFFICER,Food Processing, Parle Agro Pvt Ltd,Chennai,Tamilnadu, 11-11-2023 , 31-01-2024,"15,000 - 25,000 p.m",Male,20-35,4-5 Years,Under Graduate,Area Sales Officer | Territory Sales Manager (Retail),10
Service Technician / Field Service Technician,Maintenance Technician- Service Workshop,Automotive, SRI MOTORS,Thiruppathur,AMBUR, 20-11-2023 , 31-01-2024,"10,000 - 15,000 p.m",Male,20-30,2-3 Years,National Trade Certificate (NTC),Electrical Technician | Junior Mechanic (Engine) | Mechanic (Engine),2
Technical Support Engineer,Hardware Engineer,IT-ITES, FINECONS PRIVATE LIMITED,Chennai,Gender : Male, 20-11-2023 , 31-01-2024,"10,000 - 15,000 p.m", , , ,"Under Graduate - Bachelors Others , Bachelor of Engineering / Technology , Bachelor of Computer application - INFORMATION TECHNOLOGY , COMPUTER SCIENCE AND ENGINEERING , ELECTRICAL AND ELECTRONIC ENGINEERING , ELECTRONIC AND COMMUNICATION ENGINEERING",Hardware Engineer | ICT Engineer | Installation and Service Engineer | Installation Engineer L2 & L3 | Installation Technician - Computing and Peripherals | Installation Technician – Computing and Peripherals, 
SALES EXECUTIVE -MARUTI SUZUKI,Sales Executive,Automotive, Southern Automobiles Pvt Ltd,Chennai,"MEDAVAKKAM,PORUR,GUINDY,TAMBARAM,KATTUPAKKAM", 21-11-2023 , 31-01-2024,"10,000 - 15,000 p.m",Male,18-40,0-1 Year,"Under Graduate - Bachelor of Education , Bachelor of Arts , Bachelor of Commerce , Bachelor of Management , Bachelor of Computer application - EDUCATION",Sales Executive,5
Marketing Executive,Telecaller,"Banking, Financial Services and Insurance", Emperor Enterprises,Coimbatore,Gandhipuram, 22-11-2023 , 31-01-2024,"15,000 - 25,000 p.m",All,22-32,Fresher,Under Graduate,Digital Marketing Manager | Manager - Loan Approval | Trainer,45
Business Development & Marketing Executive,Sales Executive-IT Hardware,Electronics & Hardware, APTLINE TECHNOLOGIES PRIVATE LIMITED,Erode,ERODE, 05-11-2023 , 28-02-2024,"10,000 - 15,000 p.m",Male,18-28,0-1 Year,Under Graduate,Field Sales Executive-Telecom Plan & Services | Market Research Associate,2
CCTV TECHNICIAN,Field Technician - Networking and Storage,Electronics & Hardware, APTLINE TECHNOLOGIES PRIVATE LIMITED,Erode,ERODE, 05-11-2023 , 28-02-2024,"10,000 - 15,000 p.m",Male,18-28,0-1 Year,Diploma - Diploma In Engineering,CCTV Installation Technician | CCTV Supervisor | Electrical Technician | Network Engineer | Network Management Engineer | Wireman – Control Panel,4
Apprentice TRAINEE,Trainee,Manufacturing, TITAN COMPANY LIMITED,Coimbatore,Kallapalayam Village, 20-03-2023 , 19-03-2024,"10,000 - 15,000 p.m",All,18-26,0-1 Year,"Diploma - Diploma In Engineering - AUTOMOBILE ENGINEERING , ELECTRICAL AND ELECTRONICS ENGINEERING , ELECTRONICS AND COMMUNICATION ENGINEERING , MECHANICAL ENGINEERING , MECHATRONICS ENGINEERING",Assembly Line Operator | CNC Operator - Turning | CNC Setter cum operator - Turning | Machine Operator – CNC Milling,30
Financial Advisor,Marketing Executive,"Banking, Financial Services and Insurance", MRP Insurance Marketing P Ltd,Chennai,Gender : All, 07-02-2023 , 31-03-2024,7500-10000 p.m, , , ,Under Graduate - Bachelor of Commerce - BANKING FINANCIAL SERVICES AND INSURANCE,Sales Associate, 
Two Wheeler Mechanic,Two Wheeler Service Technician,Automotive, THE R P MOTORS,Coimbatore,"KINATHUKADAVU,POLLACHI", 08-06-2023 , 31-03-2024,"10,000 - 15,000 p.m",Male,18-60,Fresher,"National Trade Certificate (NTC) - Mechanic (Motor Vehicle) , Mechanic Motor Cycle , Mechanic Two and Three Wheeler",Automotive Service Technician (Two and Three Wheelers) | Technical Helper (Mechanical),4
VILLAGE LEVEL OPERATORS - VLO,Customer Care Executive- Relationship Centre,Telecom, THIRU BUSINESS SERVICE INDIA PRIVATE LIMITED,Villupuram,"KANCHEEPURAM, CHENGALPATTU, CUDALUR, VILLUPURAM, KALLAKUCHI, PERAMBALUR", 17-10-2023 , 31-03-2024,"10,000 - 15,000 p.m",Female,20-35,Fresher,HSC,Mobile Equipment Operator,100
Marketing and Sales Executives,Marketing Executive,"Banking, Financial Services and Insurance", MRP Insurance Marketing P Ltd,Thiruchirappalli,TRICHY, 27-10-2023 , 31-03-2024,7500-10000 p.m,All,18-50,Fresher,Under Graduate - Bachelor of Commerce - FINANCIAL MANAGEMENT,Individual Sales Professional/ Self-employed Retailer,100
Van Delivery Associates,Driver,Logistics, Lightzip Technologies Private Limited,Chennai,Chitalapakkam, 23-01-2023 , 30-04-2024,"15,000 - 25,000 p.m",Male,18-35,Fresher,Below SSLC,LMV Driver Level 3,100
Agri Consultant,Agriculture Field Officer,Agriculture, PASUMAI BHARATHAM AGRI SOLUTIONS,Thiruchirappalli,J. J. College, 01-11-2023 , 01-05-2024,"15,000 - 25,000 p.m",Male,20-30,Fresher,Under Graduate - Bachelor of Science - AGRICULTURE,Agriculture Field Officer,50
Marketing Excutive,Jewellery Retail - Merchandiser,Gems & Jewellery, SRI PADMARAJ JEWELLERS,Coimbatore,RS PURAM, 24-04-2023 , 31-05-2024,"25,000 - 50,000 p.m",Male,20-50,0-1 Year,HSC - BUSINESS MANAGEMENT,Market Research Associate,5
Accountant with GST Knowledge,Goods & Services Tax (GST) Accounts Assistant,"Banking, Financial Services and Insurance", Shanthi Enterprises,Salem,Sankagiri, 26-06-2023 , 01-06-2024,"15,000 - 25,000 p.m",Female,25-35,2-3 Years,Post Graduate - Masters Others - FINANCIAL MANAGEMENT,Goods & Services Tax (GST) Accounts Assistant,2
Matlab Developer,Software Developer,IT-ITES, Ondezx Groups,Kanniyakumari,Nagercoil, 17-06-2023 , 25-07-2024,"15,000 - 25,000 p.m",All,20-35,1-2 Years,Under Graduate,Analyst - Research,3
Accountant with GST Knowledge,Goods & Services Tax (GST) Accounts Assistant,"Banking, Financial Services and Insurance", SGS Engineering Works,Coimbatore,GANAPATHY (NEAR PROZONE MALL), 09-08-2021 , 31-12-2024,"15,000 - 25,000 p.m",All,24-45,4-5 Years,Under Graduate - Bachelor of Commerce - ACCOUNTANCY&AUDITING,Accounts Executive (Accounts Payable & Receivable),2
SALES & MARKETING EXECUTIVE,Sales Associate,Retail, HARIDRA,Coimbatore,Gender : Male, 31-07-2023 , 31-12-2024,"15,000 - 25,000 p.m", , , ,Under Graduate,Retail Sales Associate, 
Ansys Developer,Analyst - Research,IT-ITES, Ondezx Groups,Kanniyakumari,Nagercoil, 30-10-2023 , 28-02-2025,"10,000 - 15,000 p.m",All,20-35,1-2 Years,Under Graduate - Bachelor of Engineering / Technology - CIVIL ENGINEERING,AI - Data Engineer | AI - Data Scientist | AI - Devops Engineer | Analyst - Research,2
Python Developer (Exp),Analyst - Research,IT-ITES, Ondezx Groups,Kanniyakumari,Nagercoil, 12-06-2023 , 30-04-2025,"15,000 - 25,000 p.m",All,20-40,1-2 Years,"Under Graduate - Bachelors Others , Bachelor of Computer application - , COMPUTER APPLICATION",AI - Hardware Engineer | Analyst - Research,3
Field investigator,Field Officer,IT-ITES, ARS Market research services private limited,Chennai,"Salem,namakkal,dindigul,trichy,madurai,ramanathapuram,thirunelveli, coimbatore", 16-02-2023 , 31-05-2025,above 1 Lakh p.m,All,25-55,Fresher,HSC,Field Executive - Data and Document Collection or Verification,80
Research analyst,Analyst - Research,IT-ITES, ARS Market research services private limited,Chennai,Chennai, 16-02-2023 , 30-06-2025,"25,000 - 50,000 p.m",All,20-59,2-3 Years,"Under Graduate - Bachelor of Arts , Bachelor of Management - ECONOMICS",Analyst - Research,25
Insurance Verification officer,Process Executive - Financial Institutions,"Banking, Financial Services and Insurance", AYU Health Allied Services,Chennai,Any where in Tamilnadu, 18-06-2023 , 01-09-2025,"10,000 - 15,000 p.m",Male,21-50,Fresher,Under Graduate,"Field Executive - Data and Document Collection or Verification | Finance, Insurance and Registration Coordinator",100
